ID,Salary,,,,,,,,,,,
1,50000,,,,,,,,,,,
2,53000,,,,,,,,,,,
3,51500,,,,,,,,,,,
4,54500,,MEAN:,,STDEV:,,1st Quartile:,3rd Quartile:,IQR:,,1st quartile,3rd quartile
5,48000,,52246.30542,,2035.624508,,50500,54000,3500,,50500,
6,52000,,MEDIAN:,,,,,,,,,
7,55500,,52000,,,,,,,,,
8,49500,,MODE:,,,,,,,,,
9,51000,,52000,,,,,,,,,
10,52500,,,,,,,,,,,
11,47000,,,,,,,,,,,
12,53500,,,,,,,,,,,
13,50000,,,,,,,,,,,
14,55000,,,,,,,,,,,
15,52000,,,,,,,,,,,
16,50500,,,,,,,,,,,
17,57000,,,,,,,,,,,
18,48500,,,,,,,,,,,
19,51500,,,,,,,,,,,
20,54000,,,,,,,,,,,
21,52500,,,,,,,,,,,
22,49500,,,,,,,,,,,
23,53000,,,,,,,,,,,
24,51000,,,,,,,,,,,
25,55000,,,,,,,,,,,
26,47500,,,,,,,,,,,
27,52000,,,,,,,,,,,
28,53500,,,,,,,,,,,
29,50000,,,,,,,,,,,
30,54500,,,,,,,,,,,
31,51500,,,,,,,,,,,
32,56000,,,,,,,,,,,
33,49000,,,,,,,,,,,
34,52500,,,,,,,,,,,
35,50500,,,,,,,,,,,
36,54000,,,,,,,,,,,
37,52000,,,,,,,,,,,
38,49500,,,,,,,,,,,
39,55500,,,,,,,,,,,
40,51000,,,,,,,,,,,
41,53000,,,,,,,,,,,
42,48500,,,,,,,,,,,
43,51500,,,,,,,,,,,
44,55000,,,,,,,,,,,
45,50000,,,,,,,,,,,
46,52500,,,,,,,,,,,
47,53500,,,,,,,,,,,
48,50500,,,,,,,,,,,
49,54500,,,,,,,,,,,
50,52000,,,,,,,,,,,
51,56500,,,,,,,,,,,
52,49000,,,,,,,,,,,
53,51500,,,,,,,,,,,
54,53000,,,,,,,,,,,
55,50000,,,,,,,,,,,
56,54000,,,,,,,,,,,
57,52500,,,,,,,,,,,
58,51000,,,,,,,,,,,
59,55500,,,,,,,,,,,
60,48000,,,,,,,,,,,
61,52000,,,,,,,,,,,
62,53500,,,,,,,,,,,
63,50500,,,,,,,,,,,
64,54500,,,,,,,,,,,
65,51500,,,,,,,,,,,
66,55000,,,,,,,,,,,
67,49500,,,,,,,,,,,
68,52500,,,,,,,,,,,
69,53000,,,,,,,,,,,
70,51000,,,,,,,,,,,
71,54000,,,,,,,,,,,
72,50000,,,,,,,,,,,
73,52000,,,,,,,,,,,
74,56000,,,,,,,,,,,
75,48500,,,,,,,,,,,
76,51500,,,,,,,,,,,
77,53500,,,,,,,,,,,
78,50500,,,,,,,,,,,
79,55000,,,,,,,,,,,
80,52500,,,,,,,,,,,
81,49500,,,,,,,,,,,
82,54000,,,,,,,,,,,
83,51000,,,,,,,,,,,
84,53000,,,,,,,,,,,
85,52000,,,,,,,,,,,
86,54500,,,,,,,,,,,
87,50000,,,,,,,,,,,
88,51500,,,,,,,,,,,
89,55500,,,,,,,,,,,
90,52500,,,,,,,,,,,
91,53500,,,,,,,,,,,
92,50500,,,,,,,,,,,
93,55000,,,,,,,,,,,
94,49000,,,,,,,,,,,
95,52000,,,,,,,,,,,
96,54000,,,,,,,,,,,
97,51000,,,,,,,,,,,
98,53000,,,,,,,,,,,
99,51500,,,,,,,,,,,
100,54500,,,,,,,,,,,
101,50000,,,,,,,,,,,
102,52500,,,,,,,,,,,
103,56000,,,,,,,,,,,
104,49500,,,,,,,,,,,
105,53500,,,,,,,,,,,
106,51000,,,,,,,,,,,
107,55000,,,,,,,,,,,
108,52000,,,,,,,,,,,
109,50500,,,,,,,,,,,
110,54500,,,,,,,,,,,
111,51500,,,,,,,,,,,
112,53000,,,,,,,,,,,
113,50000,,,,,,,,,,,
114,52500,,,,,,,,,,,
115,54000,,,,,,,,,,,
116,51000,,,,,,,,,,,
117,55500,,,,,,,,,,,
118,49500,,,,,,,,,,,
119,52000,,,,,,,,,,,
120,53500,,,,,,,,,,,
121,50500,,,,,,,,,,,
122,55000,,,,,,,,,,,
123,51500,,,,,,,,,,,
124,52500,,,,,,,,,,,
125,54500,,,,,,,,,,,
126,50000,,,,,,,,,,,
127,53000,,,,,,,,,,,
128,51000,,,,,,,,,,,
129,54000,,,,,,,,,,,
130,52000,,,,,,,,,,,
131,49500,,,,,,,,,,,
132,55000,,,,,,,,,,,
133,51500,,,,,,,,,,,
134,53500,,,,,,,,,,,
135,50500,,,,,,,,,,,
136,52500,,,,,,,,,,,
137,54500,,,,,,,,,,,
138,50000,,,,,,,,,,,
139,53000,,,,,,,,,,,
140,51000,,,,,,,,,,,
141,55500,,,,,,,,,,,
142,52000,,,,,,,,,,,
143,54000,,,,,,,,,,,
144,49500,,,,,,,,,,,
145,51500,,,,,,,,,,,
146,53500,,,,,,,,,,,
147,50500,,,,,,,,,,,
148,55000,,,,,,,,,,,
149,52500,,,,,,,,,,,
150,51000,,,,,,,,,,,
151,54500,,,,,,,,,,,
152,50000,,,,,,,,,,,
153,53000,,,,,,,,,,,
154,52000,,,,,,,,,,,
155,56000,,,,,,,,,,,
156,49500,,,,,,,,,,,
157,51500,,,,,,,,,,,
158,53500,,,,,,,,,,,
159,50500,,,,,,,,,,,
160,55000,,,,,,,,,,,
161,52500,,,,,,,,,,,
162,54000,,,,,,,,,,,
163,51000,,,,,,,,,,,
164,54500,,,,,,,,,,,
165,50000,,,,,,,,,,,
166,53000,,,,,,,,,,,
167,52000,,,,,,,,,,,
168,55500,,,,,,,,,,,
169,49500,,,,,,,,,,,
170,51500,,,,,,,,,,,
171,53500,,,,,,,,,,,
172,50500,,,,,,,,,,,
173,55000,,,,,,,,,,,
174,52500,,,,,,,,,,,
175,51000,,,,,,,,,,,
176,54500,,,,,,,,,,,
177,50000,,,,,,,,,,,
178,53000,,,,,,,,,,,
179,52000,,,,,,,,,,,
180,54000,,,,,,,,,,,
181,49500,,,,,,,,,,,
182,51500,,,,,,,,,,,
183,53500,,,,,,,,,,,
184,50500,,,,,,,,,,,
185,55000,,,,,,,,,,,
186,52500,,,,,,,,,,,
187,51000,,,,,,,,,,,
188,54500,,,,,,,,,,,
189,50000,,,,,,,,,,,
190,53000,,,,,,,,,,,
191,52000,,,,,,,,,,,
192,55500,,,,,,,,,,,
193,49500,,,,,,,,,,,
194,51500,,,,,,,,,,,
195,53500,,,,,,,,,,,
196,50500,,,,,,,,,,,
197,55000,,,,,,,,,,,
198,52500,,,,,,,,,,,
199,51000,,,,,,,,,,,
200,54500,,,,,,,,,,,
201,50000,,,,,,,,,,,
202,53000,,,,,,,,,,,
203,52000,,,,,,,,,,,
